{
  "season": "2025-2026",
  "timezone": "America/Chicago",
  "generated_at": "2025-12-27T05:27:02",
  "games": [
    {
      "date": "2026-03-11",
      "opponent": "Big Ten Tournament \u2013 TBD",
      "location": "Indianapolis, IN",
      "phase": "big_ten_tournament",
      "tv": "",
      "result": "",
      "notes": "Placeholder; will update when bracket known."
    },
    {
      "date": "2026-03-15",
      "opponent": "Selection Sunday",
      "location": "TBD",
      "phase": "ncaa_tournament",
      "tv": "",
      "result": "",
      "notes": "Placeholder; bracket announcement."
    },
    {
      "date": "2026-03-17",
      "opponent": "NCAA First Four \u2013 TBD",
      "location": "TBD",
      "phase": "ncaa_tournament",
      "tv": "",
      "result": "",
      "notes": "Placeholder window."
    },
    {
      "date": "2026-03-19",
      "opponent": "NCAA Round of 64 \u2013 TBD",
      "location": "TBD",
      "phase": "ncaa_tournament",
      "tv": "",
      "result": "",
      "notes": "Placeholder window."
    },
    {
      "date": "2026-03-21",
      "opponent": "NCAA Round of 32 \u2013 TBD",
      "location": "TBD",
      "phase": "ncaa_tournament",
      "tv": "",
      "result": "",
      "notes": "Placeholder window."
    },
    {
      "date": "2026-03-26",
      "opponent": "NCAA Sweet 16 \u2013 TBD",
      "location": "TBD",
      "phase": "ncaa_tournament",
      "tv": "",
      "result": "",
      "notes": "Placeholder window."
    },
    {
      "date": "2026-03-28",
      "opponent": "NCAA Elite Eight \u2013 TBD",
      "location": "TBD",
      "phase": "ncaa_tournament",
      "tv": "",
      "result": "",
      "notes": "Placeholder window."
    },
    {
      "date": "2026-04-04",
      "opponent": "Final Four \u2013 TBD",
      "location": "Indianapolis, IN",
      "phase": "ncaa_tournament",
      "tv": "",
      "result": "",
      "notes": "Placeholder window."
    },
    {
      "date": "2026-04-06",
      "opponent": "National Championship \u2013 TBD",
      "location": "Indianapolis, IN",
      "phase": "ncaa_tournament",
      "tv": "",
      "result": "",
      "notes": "Placeholder window."
    }
  ]
}